<?xml version="1.0" encoding="UTF-8"?>

<!--Copyright (c) 2012 by Subset Games. All rights reserved.-->
<img x="-20" y="-42" w="270" h="437" />
<offsets>
	<floor x="135" y="218" />
	<cloak x="135" y="218" />
</offsets>
<weaponMounts>
	<mount x="203" y="78" rotate="false" mirror="false" gib="-1" slide="right" />
	<mount x="20" y="119" rotate="false" mirror="true" gib="-1" slide="left" />
	<mount x="259" y="236" rotate="false" mirror="false" gib="-1" slide="right" />
	<mount x="96" y="65" rotate="false" mirror="true" gib="-1" slide="up" />
</weaponMounts>
<explosion />

