<?xml version="1.0" encoding="UTF-8"?>

<!--Copyright (c) 2012 by Subset Games. All rights reserved.-->
<img x="-55" y="-42" w="320" h="270" />
<offsets>
	<floor x="160" y="135" />
	<cloak x="160" y="135" />
</offsets>
<weaponMounts>
	<mount x="249" y="67" rotate="false" mirror="false" gib="-1" slide="up" />
	<mount x="71" y="67" rotate="false" mirror="true" gib="-1" slide="up" />
	<mount x="278" y="125" rotate="false" mirror="false" gib="-1" slide="up" />
	<mount x="42" y="125" rotate="false" mirror="true" gib="-1" slide="up" />
	<mount x="195" y="21" rotate="false" mirror="false" gib="-1" slide="up" />
	<mount x="125" y="21" rotate="false" mirror="true" gib="-1" slide="up" />
	<mount x="311" y="200" rotate="false" mirror="false" gib="-1" slide="right" />
	<mount x="9" y="200" rotate="false" mirror="true" gib="-1" slide="left" />
</weaponMounts>
<explosion />

