<?xml version="1.0" encoding="UTF-8"?>

<!--Copyright (c) 2012 by Subset Games. All rights reserved.-->
<img x="-94" y="-185" w="469" h="650" />
<offsets>
	<floor x="234" y="325" />
	<cloak x="234" y="325" />
</offsets>
<weaponMounts>
	<mount x="84" y="388" rotate="false" mirror="true" gib="-1" slide="up" />
	<mount x="385" y="388" rotate="false" mirror="false" gib="-1" slide="up" />
	<mount x="126" y="229" rotate="false" mirror="true" gib="-1" slide="left" />
	<mount x="343" y="229" rotate="false" mirror="false" gib="-1" slide="right" />
</weaponMounts>
<explosion />

