<?xml version="1.0" encoding="UTF-8"?>

<!--Copyright (c) 2012 by Subset Games. All rights reserved.-->
<img x="-30" y="-73" w="412" h="350" />
<offsets>
	<floor x="206" y="175" />
	<cloak x="206" y="175" />
</offsets>
<weaponMounts>
	<mount x="339" y="85" rotate="false" mirror="false" gib="-1" slide="right" />
	<mount x="72" y="85" rotate="false" mirror="true" gib="-1" slide="left" />
	<mount x="260" y="30" rotate="false" mirror="false" gib="-1" slide="up" />
	<mount x="152" y="30" rotate="false" mirror="true" gib="-1" slide="up" />
</weaponMounts>
<explosion />

