<?xml version="1.0" encoding="UTF-8"?>

<!--Copyright (c) 2012 by Subset Games. All rights reserved.-->
<img x="-174" y="-35" w="700" h="421" />
<offsets>
	<floor x="168" y="29" />
	<cloak x="0" y="0" />
</offsets>
<weaponMounts>
	<mount x="565" y="0" rotate="true" mirror="true" gib="-1" slide="up" />
	<mount x="565" y="420" rotate="true" mirror="false" gib="-1" slide="down" />
	<mount x="209" y="0" rotate="true" mirror="true" gib="-1" slide="up" />
	<mount x="209" y="420" rotate="true" mirror="false" gib="-1" slide="down" />
</weaponMounts>
<explosion />

