<?xml version="1.0" encoding="UTF-8"?>

<!--Copyright (c) 2012 by Subset Games. All rights reserved.-->
<img x="-27" y="-15" w="246" h="332" />
<offsets>
	<floor x="123" y="166" />
	<cloak x="-34" y="-44" />
</offsets>
<weaponMounts>
	<mount x="3" y="93" rotate="false" mirror="true" gib="-1" slide="left" />
	<mount x="226" y="110" rotate="false" mirror="false" gib="-1" slide="right" />
	<mount x="244" y="192" rotate="false" mirror="false" gib="-1" slide="right" />
	<mount x="200" y="55" rotate="false" mirror="false" gib="-1" slide="up" />
</weaponMounts>
<explosion />

