<?xml version="1.0" encoding="UTF-8"?>

<!--Copyright (c) 2012 by Subset Games. All rights reserved.-->
<img x="-50" y="-68" w="418" h="428" />
<offsets>
	<floor x="209" y="214" />
	<cloak x="0" y="0" />
</offsets>
<weaponMounts>
	<mount x="253" y="121" rotate="false" mirror="false" gib="-1" slide="right" />
	<mount x="165" y="121" rotate="false" mirror="true" gib="-1" slide="left" />
	<mount x="366" y="200" rotate="false" mirror="false" gib="-1" slide="right" />
	<mount x="52" y="200" rotate="false" mirror="true" gib="-1" slide="left" />
	<mount x="96" y="179" rotate="false" mirror="false" gib="-1" slide="right" />
	<mount x="322" y="180" rotate="false" mirror="true" gib="-1" slide="left" />
</weaponMounts>
<explosion />

