<?xml version="1.0" encoding="UTF-8"?>

<!--Copyright (c) 2012 by Subset Games. All rights reserved.-->
<img x="-85" y="-123" w="457" h="721" />
<offsets>
	<floor x="228" y="360" />
	<cloak x="228" y="360" />
</offsets>
<weaponMounts>
	<mount x="316" y="117" rotate="false" mirror="false" gib="-1" slide="up" />
	<mount x="63" y="96" rotate="false" mirror="true" gib="-1" slide="left" />
	<mount x="375" y="218" rotate="false" mirror="false" gib="-1" slide="right" />
	<mount x="170" y="82" rotate="false" mirror="false" gib="-1" slide="up" />
</weaponMounts>
<explosion />

