<?xml version="1.0" encoding="UTF-8"?>

<!--Copyright (c) 2012 by Subset Games. All rights reserved.-->
<img x="-34" y="-15" w="312" h="291" />
<offsets>
	<floor x="156" y="145" />
	<cloak x="156" y="145" />
</offsets>
<weaponMounts>
	<mount x="2" y="126" rotate="false" mirror="true" gib="-1" slide="left" />
	<mount x="310" y="126" rotate="false" mirror="false" gib="-1" slide="right" />
	<mount x="109" y="61" rotate="false" mirror="true" gib="-1" slide="up" />
	<mount x="204" y="62" rotate="false" mirror="false" gib="-1" slide="up" />
</weaponMounts>
<explosion />

