<?xml version="1.0" encoding="UTF-8"?>

<!--Copyright (c) 2012 by Subset Games. All rights reserved.-->
<img x="-39" y="-70" w="384" h="503" />
<offsets>
	<floor x="192" y="251" />
	<cloak x="192" y="251" />
</offsets>
<weaponMounts>
	<mount x="330" y="58" rotate="false" mirror="false" gib="-1" slide="up" />
	<mount x="169" y="58" rotate="false" mirror="true" gib="-1" slide="up" />
	<mount x="39" y="94" rotate="false" mirror="true" gib="-1" slide="up" />
	<mount x="102" y="94" rotate="false" mirror="false" gib="-1" slide="up" />
</weaponMounts>
<explosion />

