<?xml version="1.0" encoding="UTF-8"?>

<!--Copyright (c) 2012 by Subset Games. All rights reserved.-->
<img x="-57" y="-45" w="325" h="440" />
<offsets>
	<floor x="162" y="220" />
	<cloak x="-10" y="-10" />
</offsets>
<weaponMounts>
	<mount x="292" y="82" rotate="false" mirror="false" gib="-1" slide="right" />
	<mount x="162" y="85" rotate="false" mirror="false" gib="-1" slide="up" />
	<mount x="104" y="86" rotate="false" mirror="true" gib="-1" slide="up" />
	<mount x="34" y="176" rotate="false" mirror="true" gib="-1" slide="left" />
</weaponMounts>
<explosion />

