<?xml version="1.0" encoding="UTF-8"?>

<!--Copyright (c) 2012 by Subset Games. All rights reserved.-->
<img x="-37" y="-24" w="320" h="293" />
<offsets>
	<floor x="160" y="146" />
	<cloak x="160" y="146" />
</offsets>
<weaponMounts>
	<mount x="298" y="79" rotate="false" mirror="false" gib="-1" slide="right" />
	<mount x="22" y="79" rotate="false" mirror="true" gib="-1" slide="left" />
	<mount x="245" y="29" rotate="false" mirror="false" gib="-1" slide="up" />
	<mount x="75" y="29" rotate="false" mirror="true" gib="-1" slide="up" />
</weaponMounts>
<explosion />

