<?xml version="1.0" encoding="UTF-8"?>

<!--Copyright (c) 2012 by Subset Games. All rights reserved.-->
<img x="-62" y="-42" w="300" h="400" />
<offsets>
	<floor x="150" y="200" />
	<cloak x="0" y="0" />
</offsets>
<weaponMounts>
	<mount x="108" y="81" rotate="false" mirror="true" gib="-1" slide="left" />
	<mount x="192" y="81" rotate="false" mirror="false" gib="-1" slide="right" />
	<mount x="237" y="230" rotate="false" mirror="false" gib="-1" slide="right" />
	<mount x="63" y="230" rotate="false" mirror="true" gib="-1" slide="left" />
</weaponMounts>
<explosion />

