<?xml version="1.0" encoding="UTF-8"?>

<!--Copyright (c) 2012 by Subset Games. All rights reserved.-->
<img x="-108" y="-40" w="440" h="440" />
<offsets>
	<floor x="220" y="220" />
	<cloak x="43" y="-14" />
</offsets>
<weaponMounts>
	<mount x="115" y="116" rotate="false" mirror="true" gib="-1" slide="left" />
	<mount x="257" y="65" rotate="false" mirror="true" gib="-1" slide="up" />
	<mount x="84" y="175" rotate="false" mirror="true" gib="-1" slide="left" />
	<mount x="346" y="94" rotate="false" mirror="false" gib="-1" slide="right" />
</weaponMounts>
<explosion />

