<?xml version="1.0" encoding="UTF-8"?>

<!--Copyright (c) 2012 by Subset Games. All rights reserved.-->
<img x="-115" y="-75" w="721" h="457" />
<offsets>
	<floor x="109" y="69" />
	<cloak x="17" y="19" />
</offsets>
<weaponMounts>
	<mount x="600" y="54" rotate="true" mirror="true" gib="5" slide="up" />
	<mount x="560" y="355" rotate="true" mirror="false" gib="4" slide="down" />
	<mount x="620" y="190" rotate="true" mirror="false" gib="6" slide="down" />
	<mount x="420" y="420" rotate="true" mirror="false" gib="4" slide="down" />
	<mount x="540" y="170" rotate="true" mirror="true" gib="6" slide="up" />
	<mount x="540" y="274" rotate="true" mirror="false" gib="6" slide="down" />
	<mount x="390" y="135" rotate="true" mirror="true" gib="5" slide="up" />
	<mount x="390" y="309" rotate="true" mirror="false" gib="5" slide="down" />
</weaponMounts>
<explosion>
	<gib1>
		<velocity min="0.10" max="0.20" />
		<direction min="0" max="360" />
		<angular min="-0.30" max="0.30" />
		<x>94</x>
		<y>76</y>
	</gib1>
	<gib2>
		<velocity min="0.40" max="0.70" />
		<direction min="120" max="150" />
		<angular min="0.30" max="0.60" />
		<x>0</x>
		<y>175</y>
	</gib2>
	<gib3>
		<velocity min="0.40" max="0.70" />
		<direction min="20" max="50" />
		<angular min="-0.30" max="0.30" />
		<x>21</x>
		<y>19</y>
	</gib3>
	<gib4>
		<velocity min="0.30" max="0.50" />
		<direction min="200" max="250" />
		<angular min="-0.30" max="0.30" />
		<x>0</x>
		<y>95</y>
	</gib4>
	<gib5>
		<velocity min="0.30" max="0.60" />
		<direction min="300" max="340" />
		<angular min="0.10" max="0.40" />
		<x>332</x>
		<y>0</y>
	</gib5>
	<gib6>
		<velocity min="0.30" max="0.50" />
		<direction min="240" max="290" />
		<angular min="-0.30" max="0.30" />
		<x>521</x>
		<y>72</y>
	</gib6>
</explosion>

